{"stats":{"minecraft:custom":{"minecraft:time_since_rest":45998,"minecraft:sprint_one_cm":67981,"minecraft:damage_taken":207,"minecraft:walk_one_cm":115850,"minecraft:mob_kills":9,"minecraft:damage_dealt":929,"minecraft:traded_with_villager":38,"minecraft:swim_one_cm":13126,"minecraft:interact_with_crafting_table":7,"minecraft:talked_to_villager":13,"minecraft:fly_one_cm":101750,"minecraft:open_chest":10,"minecraft:crouch_one_cm":979,"minecraft:play_time":45998,"minecraft:walk_under_water_one_cm":8011,"minecraft:sneak_time":296,"minecraft:boat_one_cm":217382,"minecraft:jump":617,"minecraft:leave_game":5,"minecraft:walk_on_water_one_cm":2621,"minecraft:time_since_death":45998,"minecraft:total_world_time":45998,"minecraft:fall_one_cm":11926},"minecraft:picked_up":{"minecraft:stripped_oak_log":1,"minecraft:stick":16,"minecraft:crafting_table":4,"minecraft:feather":2,"minecraft:chicken":3,"minecraft:oak_door":1,"minecraft:acacia_log":67,"minecraft:oak_stairs":1,"minecraft:porkchop":5,"minecraft:oak_log":89,"minecraft:gunpowder":2,"minecraft:dirt":13,"minecraft:acacia_planks":4,"minecraft:rotten_flesh":3,"minecraft:apple":2,"minecraft:wheat_seeds":2,"minecraft:beef":2,"minecraft:oak_boat":1,"minecraft:oak_sapling":8,"minecraft:chest":1,"minecraft:acacia_sapling":11,"minecraft:oak_planks":9,"minecraft:coal":8,"minecraft:cobblestone":15,"minecraft:egg":1},"minecraft:mined":{"minecraft:acacia_leaves":1,"minecraft:glass_pane":3,"minecraft:oak_door":1,"minecraft:crafting_table":4,"minecraft:short_grass":9,"minecraft:acacia_log":67,"minecraft:coal_ore":9,"minecraft:grass_block":4,"minecraft:oak_log":89,"minecraft:chest":1,"minecraft:oak_stairs":1,"minecraft:dirt":1,"minecraft:tall_grass":2,"minecraft:cobblestone":4,"minecraft:acacia_planks":4,"minecraft:stone":9,"minecraft:oak_planks":9,"minecraft:oak_leaves":9},"minecraft:broken":{"minecraft:stone_axe":1},"minecraft:used":{"minecraft:oak_log":3,"minecraft:apple":2,"minecraft:acacia_log":4,"minecraft:stone_pickaxe":19,"minecraft:wooden_pickaxe":4,"minecraft:diamond_chestplate":1,"minecraft:stone_axe":199,"minecraft:dirt":2,"minecraft:crafting_table":3,"minecraft:porkchop":1,"minecraft:carrot":6,"minecraft:oak_boat":2},"minecraft:killed":{"minecraft:zombie":1,"minecraft:pig":3,"minecraft:chicken":3,"minecraft:creeper":1,"minecraft:cow":1},"minecraft:crafted":{"minecraft:oak_boat":1,"minecraft:oak_planks":348,"minecraft:emerald":37,"minecraft:stick":1208,"minecraft:wooden_pickaxe":1,"minecraft:stone_pickaxe":1,"minecraft:acacia_planks":252,"minecraft:stone_axe":3,"minecraft:diamond_chestplate":1}},"DataVersion":3953}