{"stats":{"minecraft:custom":{"minecraft:deaths":1,"minecraft:time_since_rest":119,"minecraft:crouch_one_cm":749,"minecraft:interact_with_furnace":1,"minecraft:play_time":17164,"minecraft:sprint_one_cm":26516,"minecraft:damage_taken":262,"minecraft:walk_one_cm":25924,"minecraft:sneak_time":185,"minecraft:mob_kills":3,"minecraft:boat_one_cm":286262,"minecraft:jump":226,"minecraft:damage_dealt":169,"minecraft:leave_game":1,"minecraft:time_since_death":0,"minecraft:walk_on_water_one_cm":524,"minecraft:total_world_time":17164,"minecraft:interact_with_crafting_table":1,"minecraft:fall_one_cm":5258,"minecraft:fly_one_cm":67257,"minecraft:horse_one_cm":4393},"minecraft:picked_up":{"minecraft:feather":1,"minecraft:chicken":3,"minecraft:wheat_seeds":1,"minecraft:acacia_log":3,"minecraft:sand":1,"minecraft:oak_log":2,"minecraft:acacia_boat":2},"minecraft:mined":{"minecraft:oak_log":2,"minecraft:short_grass":5,"minecraft:acacia_log":3,"minecraft:sand":1},"minecraft:used":{"minecraft:acacia_boat":3,"minecraft:chicken":3},"minecraft:killed_by":{"minecraft:skeleton":1},"minecraft:killed":{"minecraft:chicken":3},"minecraft:crafted":{"minecraft:acacia_planks":12,"minecraft:crafting_table":1,"minecraft:acacia_boat":1}},"DataVersion":3953}