{"stats":{"minecraft:custom":{"minecraft:interact_with_crafting_table":81,"minecraft:leave_game":13,"minecraft:time_since_death":6763,"minecraft:sprint_one_cm":1485570,"minecraft:drop":155,"minecraft:talked_to_villager":127,"minecraft:play_time":550064,"minecraft:deaths":6,"minecraft:jump":10016,"minecraft:walk_on_water_one_cm":69586,"minecraft:interact_with_furnace":36,"minecraft:traded_with_villager":359,"minecraft:sleep_in_bed":21,"minecraft:damage_dealt":29825,"minecraft:crouch_one_cm":111484,"minecraft:horse_one_cm":102311,"minecraft:mob_kills":119,"minecraft:interact_with_anvil":2,"minecraft:inspect_hopper":6,"minecraft:climb_one_cm":12478,"minecraft:walk_one_cm":581551,"minecraft:sneak_time":31933,"minecraft:walk_under_water_one_cm":19002,"minecraft:boat_one_cm":195914,"minecraft:interact_with_blast_furnace":5,"minecraft:total_world_time":550064,"minecraft:time_since_rest":6874,"minecraft:damage_taken":6726,"minecraft:swim_one_cm":100782,"minecraft:fly_one_cm":1989889,"minecraft:open_chest":284,"minecraft:fall_one_cm":271426},"minecraft:killed_by":{"minecraft:creeper":1,"minecraft:zombie":3},"minecraft:crafted":{"minecraft:smooth_stone":7,"minecraft:oak_planks":3856,"minecraft:chainmail_helmet":17,"minecraft:cobblestone_slab":12,"minecraft:oak_sign":3,"minecraft:chain":2,"minecraft:stone":7,"minecraft:hopper":2,"minecraft:glass":17,"minecraft:diamond_helmet":1,"minecraft:diamond_leggings":1,"minecraft:iron_boots":9,"minecraft:chest":13,"minecraft:birch_button":64,"minecraft:stone_hoe":2,"minecraft:polished_diorite_slab":6,"minecraft:emerald":289,"minecraft:diamond_axe":2,"minecraft:crafting_table":11,"minecraft:iron_helmet":1,"minecraft:smithing_table":1,"minecraft:fletching_table":6,"minecraft:birch_planks":1564,"minecraft:wooden_hoe":2,"minecraft:diamond_pickaxe":2,"minecraft:stick":10276,"minecraft:iron_ingot":20,"minecraft:iron_block":3,"minecraft:gold_ingot":8,"minecraft:shears":6,"minecraft:stone_shovel":3,"minecraft:iron_nugget":18,"minecraft:crimson_trapdoor":4,"minecraft:crimson_fence_gate":1,"minecraft:furnace":4,"minecraft:blast_furnace":1,"minecraft:bone_meal":960,"minecraft:white_carpet":21,"minecraft:oak_trapdoor":2,"minecraft:flint_and_steel":1,"minecraft:scaffolding":42,"minecraft:polished_diorite":236,"minecraft:iron_axe":2,"minecraft:diamond_boots":1,"minecraft:wheat":162,"minecraft:coal_block":1,"minecraft:bone_block":21,"minecraft:crimson_planks":36,"minecraft:bucket":6,"minecraft:stone_axe":14,"minecraft:bread":125,"minecraft:air":0,"minecraft:oak_boat":3,"minecraft:oak_fence_gate":1,"minecraft:chainmail_boots":12,"minecraft:iron_shovel":1,"minecraft:anvil":1,"minecraft:white_bed":11,"minecraft:diamond_chestplate":1},"minecraft:broken":{"minecraft:shears":3,"minecraft:stone_axe":5,"minecraft:stone_shovel":3},"minecraft:killed":{"minecraft:spider":5,"minecraft:skeleton":12,"minecraft:chicken":8,"minecraft:pig":5,"minecraft:iron_golem":19,"minecraft:creeper":1,"minecraft:sheep":20,"minecraft:zombie":27,"minecraft:cow":14},"minecraft:used":{"minecraft:iron_shovel":246,"minecraft:bone_block":3,"minecraft:oak_sign":7,"minecraft:chest":20,"minecraft:bell":1,"minecraft:rotten_flesh":14,"minecraft:mutton":3,"minecraft:jungle_planks":1,"minecraft:carrot":260,"minecraft:lava_bucket":16,"minecraft:iron_helmet":1,"minecraft:warped_fungus":9,"minecraft:scaffolding":56,"minecraft:furnace":3,"minecraft:oak_sapling":2,"minecraft:beetroot_seeds":2,"minecraft:potato":51,"minecraft:short_grass":2,"minecraft:diamond_boots":3,"minecraft:birch_leaves":7,"minecraft:stone_pickaxe":20,"minecraft:oak_planks":4,"minecraft:polished_diorite_slab":2,"minecraft:diamond_axe":475,"minecraft:oak_leaves":837,"minecraft:blast_furnace":1,"minecraft:shears":1015,"minecraft:crimson_fence_gate":2,"minecraft:bread":121,"minecraft:gravel":222,"minecraft:diamond_sword":3,"minecraft:chainmail_boots":1,"minecraft:smithing_table":1,"minecraft:poisonous_potato":1,"minecraft:chain":2,"minecraft:oak_boat":24,"minecraft:bone_meal":584,"minecraft:oak_trapdoor":3,"minecraft:oak_fence":1,"minecraft:flint_and_steel":7,"minecraft:stone_shovel":447,"minecraft:stone_hoe":31,"minecraft:netherrack":287,"minecraft:orange_bed":1,"minecraft:torch":4,"minecraft:dirt":578,"minecraft:anvil":2,"minecraft:white_carpet":4,"minecraft:hopper":4,"minecraft:diamond_helmet":1,"minecraft:oak_fence_gate":1,"minecraft:polished_diorite":252,"minecraft:iron_boots":1,"minecraft:diamond_chestplate":2,"minecraft:golden_carrot":8,"minecraft:beef":18,"minecraft:cooked_mutton":2,"minecraft:water_bucket":18,"minecraft:birch_planks":3,"minecraft:fletching_table":4,"minecraft:cobblestone_slab":355,"minecraft:mossy_cobblestone":6,"minecraft:crafting_table":15,"minecraft:red_bed":1,"minecraft:crimson_trapdoor":7,"minecraft:white_bed":28,"minecraft:oak_log":2,"minecraft:wooden_hoe":71,"minecraft:diamond_pickaxe":901,"minecraft:cornflower":1,"minecraft:apple":1,"minecraft:chicken":8,"minecraft:stone_axe":609,"minecraft:cobblestone":109,"minecraft:porkchop":12,"minecraft:bucket":36,"minecraft:pumpkin_pie":1,"minecraft:yellow_bed":3,"minecraft:dandelion":1,"minecraft:diamond_leggings":1},"minecraft:picked_up":{"minecraft:wheat":9,"minecraft:chainmail_boots":12,"minecraft:crimson_planks":52,"minecraft:string":9,"minecraft:oak_sign":3,"minecraft:beetroot":1,"minecraft:diamond_leggings":2,"minecraft:gold_nugget":44,"minecraft:cobbled_deepslate":1,"minecraft:bucket":4,"minecraft:cobblestone_slab":15,"minecraft:iron_boots":9,"minecraft:furnace":1,"minecraft:stick":176,"minecraft:composter":1,"minecraft:oak_fence":1,"minecraft:torch":7,"minecraft:porkchop":12,"minecraft:diorite":479,"minecraft:golden_chestplate":3,"minecraft:orange_bed":1,"minecraft:rotten_flesh":41,"minecraft:cobblestone":156,"minecraft:birch_log":270,"minecraft:feather":14,"minecraft:water_bucket":2,"minecraft:potato":43,"minecraft:flint":36,"minecraft:lapis_lazuli":128,"minecraft:dirt":584,"minecraft:name_tag":1,"minecraft:glass":81,"minecraft:bone":57,"minecraft:bow":5,"minecraft:wheat_seeds":90,"minecraft:crimson_fence_gate":1,"minecraft:raw_gold":6,"minecraft:bell":1,"minecraft:bamboo":52,"minecraft:diamond_helmet":2,"minecraft:oak_planks":24,"minecraft:stone_hoe":1,"minecraft:poisonous_potato":2,"minecraft:sand":120,"minecraft:mossy_cobblestone":9,"minecraft:bone_meal":187,"minecraft:bread":126,"minecraft:chainmail_helmet":31,"minecraft:oak_sapling":56,"minecraft:netherrack":374,"minecraft:oak_leaves":990,"minecraft:crimson_roots":4,"minecraft:diamond_pickaxe":2,"minecraft:crafting_table":5,"minecraft:chicken":8,"minecraft:crimson_trapdoor":5,"minecraft:cornflower":2,"minecraft:oak_trapdoor":1,"minecraft:red_bed":2,"minecraft:white_carpet":4,"minecraft:cartography_table":1,"minecraft:beef":28,"minecraft:oak_boat":26,"minecraft:poppy":18,"minecraft:chest":10,"minecraft:birch_sapling":7,"minecraft:egg":2,"minecraft:raw_iron":2,"minecraft:carrot":1121,"minecraft:redstone":128,"minecraft:stone_shovel":2,"minecraft:weeping_vines":3,"minecraft:arrow":6,"minecraft:diamond_chestplate":2,"minecraft:beetroot_seeds":6,"minecraft:shears":3,"minecraft:diamond_boots":3,"minecraft:hay_block":18,"minecraft:gold_ingot":6,"minecraft:mutton":24,"minecraft:bone_block":128,"minecraft:white_wool":52,"minecraft:birch_leaves":7,"minecraft:basalt":4,"minecraft:crimson_stem":80,"minecraft:leather":27,"minecraft:crimson_fungus":6,"minecraft:oak_log":812,"minecraft:yellow_bed":3,"minecraft:gunpowder":7,"minecraft:cooked_mutton":5,"minecraft:apple":7,"minecraft:kelp":1,"minecraft:iron_ingot":181,"minecraft:stone_pickaxe":2,"minecraft:scaffolding":14,"minecraft:warped_fungus":29,"minecraft:dandelion":11,"minecraft:gravel":374,"minecraft:white_bed":21,"minecraft:spider_eye":4,"minecraft:polished_diorite":35,"minecraft:stone_axe":13,"minecraft:short_grass":8,"minecraft:iron_helmet":2,"minecraft:diamond_axe":1,"minecraft:gray_wool":3,"minecraft:coal":10,"minecraft:hopper":2},"minecraft:mined":{"minecraft:oak_sapling":2,"minecraft:white_bed":21,"minecraft:farmland":12,"minecraft:jungle_leaves":3,"minecraft:crimson_trapdoor":4,"minecraft:grass_block":282,"minecraft:polished_diorite":48,"minecraft:crimson_fungus":4,"minecraft:composter":1,"minecraft:hopper":2,"minecraft:weeping_vines_plant":1,"minecraft:iron_ore":1,"minecraft:fire":10,"minecraft:dirt_path":31,"minecraft:orange_bed":1,"minecraft:red_bed":2,"minecraft:crimson_nylium":6,"minecraft:soul_fire":2,"minecraft:poppy":1,"minecraft:chest":9,"minecraft:cobblestone":57,"minecraft:wall_torch":3,"minecraft:birch_log":98,"minecraft:wheat":47,"minecraft:warped_fungus":13,"minecraft:oak_log":470,"minecraft:beetroots":3,"minecraft:sand":123,"minecraft:dirt":187,"minecraft:netherrack":308,"minecraft:oak_leaves":1111,"minecraft:deepslate":2,"minecraft:nether_gold_ore":12,"minecraft:mossy_cobblestone":5,"minecraft:crimson_fence_gate":1,"minecraft:nether_bricks":4,"minecraft:crimson_roots":7,"minecraft:weeping_vines":2,"minecraft:kelp":3,"minecraft:cartography_table":1,"minecraft:crimson_stem":82,"minecraft:hay_block":18,"minecraft:oak_trapdoor":1,"minecraft:furnace":1,"minecraft:carrots":260,"minecraft:bell":1,"minecraft:potatoes":17,"minecraft:vine":3,"minecraft:cobblestone_slab":11,"minecraft:bamboo":4,"minecraft:stone":95,"minecraft:bone_block":86,"minecraft:scaffolding":11,"minecraft:basalt":4,"minecraft:dandelion":1,"minecraft:cornflower":1,"minecraft:crafting_table":4,"minecraft:short_grass":151,"minecraft:tall_grass":33,"minecraft:diorite":249,"minecraft:white_carpet":3,"minecraft:birch_leaves":13,"minecraft:yellow_bed":3,"minecraft:coal_ore":1,"minecraft:gravel":171},"minecraft:dropped":{"minecraft:short_grass":6,"minecraft:diamond_axe":1,"minecraft:weeping_vines":2,"minecraft:crimson_trapdoor":1,"minecraft:crimson_roots":3,"minecraft:white_wool":1,"minecraft:gold_ingot":8,"minecraft:stone_axe":10,"minecraft:golden_chestplate":2,"minecraft:carrot":839,"minecraft:poppy":6,"minecraft:chainmail_boots":12,"minecraft:oak_leaves":1,"minecraft:stone_hoe":1,"minecraft:iron_ingot":10,"minecraft:bread":42,"minecraft:wheat_seeds":16,"minecraft:mossy_cobblestone":2,"minecraft:iron_helmet":2,"minecraft:cobblestone":38,"minecraft:chainmail_helmet":32,"minecraft:stick":1,"minecraft:gray_wool":1,"minecraft:wooden_hoe":1,"minecraft:iron_axe":1,"minecraft:string":2,"minecraft:dandelion":2,"minecraft:redstone":128,"minecraft:stone_shovel":2,"minecraft:iron_boots":9,"minecraft:cobblestone_slab":1,"minecraft:diamond_pickaxe":1,"minecraft:spider_eye":3,"minecraft:stone_pickaxe":1}},"DataVersion":3953}