{"stats":{"minecraft:custom":{"minecraft:interact_with_smithing_table":1,"minecraft:mob_kills":35,"minecraft:interact_with_anvil":1,"minecraft:interact_with_crafting_table":29,"minecraft:bell_ring":11,"minecraft:leave_game":9,"minecraft:time_since_death":110845,"minecraft:sprint_one_cm":147907,"minecraft:walk_one_cm":226486,"minecraft:drop":146,"minecraft:talked_to_villager":32,"minecraft:play_time":110845,"minecraft:sneak_time":5395,"minecraft:walk_under_water_one_cm":12160,"minecraft:boat_one_cm":109388,"minecraft:jump":1866,"minecraft:interact_with_blast_furnace":3,"minecraft:walk_on_water_one_cm":8541,"minecraft:total_world_time":110845,"minecraft:interact_with_furnace":47,"minecraft:traded_with_villager":19,"minecraft:sleep_in_bed":2,"minecraft:time_since_rest":21825,"minecraft:damage_taken":1375,"minecraft:damage_dealt":5626,"minecraft:swim_one_cm":34763,"minecraft:fly_one_cm":325412,"minecraft:open_chest":8,"minecraft:crouch_one_cm":11047,"minecraft:fall_one_cm":48107},"minecraft:crafted":{"minecraft:oak_planks":204,"minecraft:smooth_stone":3,"minecraft:furnace":2,"minecraft:blast_furnace":1,"minecraft:stone":3,"minecraft:bookshelf":1,"minecraft:diamond_helmet":1,"minecraft:diamond_leggings":1,"minecraft:iron_axe":1,"minecraft:stone_pickaxe":1,"minecraft:diamond_boots":1,"minecraft:cooked_beef":7,"minecraft:oak_slab":6,"minecraft:emerald":18,"minecraft:crafting_table":5,"minecraft:wooden_pickaxe":1,"minecraft:iron_sword":1,"minecraft:bucket":1,"minecraft:birch_planks":136,"minecraft:enchanted_book":1,"minecraft:air":0,"minecraft:oak_boat":1,"minecraft:lectern":1,"minecraft:book":4,"minecraft:paper":12,"minecraft:diamond_pickaxe":1,"minecraft:stick":596,"minecraft:iron_ingot":23,"minecraft:iron_pickaxe":2,"minecraft:stone_sword":1,"minecraft:iron_shovel":4,"minecraft:shears":2,"minecraft:diamond_chestplate":1},"minecraft:broken":{"minecraft:shears":1,"minecraft:iron_pickaxe":1},"minecraft:killed":{"minecraft:spider":1,"minecraft:horse":2,"minecraft:chicken":2,"minecraft:pig":9,"minecraft:zombie_villager":1,"minecraft:iron_golem":2,"minecraft:creeper":1,"minecraft:sheep":5,"minecraft:zombie":4,"minecraft:cow":8},"minecraft:used":{"minecraft:stone_sword":86,"minecraft:iron_shovel":81,"minecraft:poppy":3,"minecraft:iron_sword":108,"minecraft:torch":1,"minecraft:dirt":20,"minecraft:granite":1,"minecraft:iron_axe":144,"minecraft:oak_sapling":1,"minecraft:furnace":2,"minecraft:cooked_beef":15,"minecraft:cobbled_deepslate":64,"minecraft:water_bucket":6,"minecraft:stone_pickaxe":66,"minecraft:wooden_pickaxe":17,"minecraft:sugar_cane":6,"minecraft:oak_leaves":293,"minecraft:sand":32,"minecraft:crafting_table":5,"minecraft:shears":365,"minecraft:diamond_pickaxe":472,"minecraft:black_wool":1,"minecraft:bread":3,"minecraft:iron_pickaxe":474,"minecraft:lectern":25,"minecraft:birch_log":1,"minecraft:andesite":3,"minecraft:bucket":6,"minecraft:oak_boat":1},"minecraft:picked_up":{"minecraft:chicken":2,"minecraft:cobbled_deepslate":348,"minecraft:beef":16,"minecraft:poppy":5,"minecraft:lectern":24,"minecraft:sugar_cane":21,"minecraft:furnace":1,"minecraft:stick":7,"minecraft:raw_iron":96,"minecraft:torch":2,"minecraft:porkchop":17,"minecraft:diorite":37,"minecraft:redstone":164,"minecraft:rotten_flesh":3,"minecraft:gold_ingot":8,"minecraft:mutton":8,"minecraft:white_wool":3,"minecraft:cobblestone":247,"minecraft:birch_log":35,"minecraft:stripped_oak_log":10,"minecraft:feather":2,"minecraft:cooked_beef":9,"minecraft:andesite":67,"minecraft:leather":16,"minecraft:brown_wool":1,"minecraft:tuff":2,"minecraft:oak_log":46,"minecraft:gunpowder":2,"minecraft:lapis_lazuli":125,"minecraft:dirt":26,"minecraft:apple":2,"minecraft:wheat_seeds":10,"minecraft:raw_gold":16,"minecraft:stone_pickaxe":1,"minecraft:iron_ingot":11,"minecraft:oak_planks":2,"minecraft:oak_slab":2,"minecraft:smooth_basalt":2,"minecraft:gravel":4,"minecraft:sand":35,"minecraft:diamond":48,"minecraft:short_grass":8,"minecraft:granite":23,"minecraft:bread":3,"minecraft:oak_sapling":5,"minecraft:black_wool":1,"minecraft:oak_leaves":339,"minecraft:coal":157},"minecraft:mined":{"minecraft:tuff":2,"minecraft:deepslate_diamond_ore":50,"minecraft:granite":24,"minecraft:grass_block":49,"minecraft:magma_block":2,"minecraft:furnace":1,"minecraft:iron_ore":75,"minecraft:andesite":53,"minecraft:deepslate_lapis_ore":10,"minecraft:dirt_path":1,"minecraft:deepslate_iron_ore":1,"minecraft:stripped_oak_log":8,"minecraft:stone":320,"minecraft:deepslate_redstone_ore":8,"minecraft:torch":1,"minecraft:short_grass":167,"minecraft:poppy":1,"minecraft:lectern":24,"minecraft:tall_grass":27,"minecraft:deepslate_gold_ore":10,"minecraft:lapis_ore":19,"minecraft:sugar_cane":11,"minecraft:diorite":37,"minecraft:wall_torch":2,"minecraft:birch_log":35,"minecraft:birch_leaves":6,"minecraft:oak_log":47,"minecraft:coal_ore":103,"minecraft:sand":36,"minecraft:gravel":4,"minecraft:dirt":21,"minecraft:smooth_basalt":2,"minecraft:gold_ore":6,"minecraft:oak_leaves":396,"minecraft:deepslate":284},"minecraft:dropped":{"minecraft:iron_ingot":2,"minecraft:oak_slab":2,"minecraft:short_grass":8,"minecraft:wheat_seeds":7,"minecraft:lapis_lazuli":128,"minecraft:cooked_beef":1,"minecraft:cobblestone":129,"minecraft:apple":2,"minecraft:granite":9,"minecraft:stick":2,"minecraft:emerald":1,"minecraft:dirt":6,"minecraft:diorite":37,"minecraft:torch":1,"minecraft:sand":3,"minecraft:iron_shovel":3,"minecraft:gravel":1,"minecraft:sugar_cane":1,"minecraft:stone_sword":1,"minecraft:cobbled_deepslate":145,"minecraft:chicken":1,"minecraft:rotten_flesh":1,"minecraft:oak_planks":2,"minecraft:stripped_oak_log":5,"minecraft:shears":1,"minecraft:poppy":2,"minecraft:gunpowder":2,"minecraft:andesite":28,"minecraft:oak_sapling":4,"minecraft:wooden_pickaxe":1,"minecraft:stone_pickaxe":2,"minecraft:oak_leaves":46}},"DataVersion":3953}