{
  "minecraft:recipes/decorations/crafting_table": {
    "criteria": {
      "unlock_right_away": "2024-08-07 05:52:46 +0000"
    },
    "done": true
  },
  "minecraft:adventure/adventuring_time": {
    "criteria": {
      "minecraft:river": "2024-08-07 05:54:30 +0000",
      "minecraft:savanna": "2024-08-07 05:53:14 +0000",
      "minecraft:plains": "2024-08-07 05:52:47 +0000"
    },
    "done": false
  },
  "minecraft:recipes/redstone/redstone": {
    "criteria": {
      "has_redstone_block": "2024-08-07 05:53:28 +0000"
    },
    "done": true
  },
  "DataVersion": 3953
}